{
  "accuracy": 0.9992,
  "f1_weighted": 0.9992,
  "trained_at": "2026-05-25T04:13:13.250525+00:00",
  "n_train": 4800,
  "n_test": 1200,
  "feature_names": [
    "word_count",
    "uppercase_ratio",
    "exclamation_count",
    "question_count",
    "sentiment_score",
    "sentiment_extremity",
    "avg_word_length",
    "unique_word_ratio",
    "stock_mention_count",
    "url_count",
    "quote_count",
    "source_credibility"
  ],
  "label_map": {
    "0": "real",
    "1": "fake"
  },
  "model_type": "GradientBoostingClassifier",
  "feature_importances": {
    "word_count": 0.00040899194786258913,
    "uppercase_ratio": 0.06613112575416019,
    "exclamation_count": 0.9245414016568764,
    "question_count": 5.0446784106400344e-05,
    "sentiment_score": 3.9222417292480896e-06,
    "sentiment_extremity": 5.392499560232822e-07,
    "avg_word_length": 0.0007558826190267286,
    "unique_word_ratio": 0.007158338886119811,
    "stock_mention_count": 6.337524862424372e-06,
    "url_count": 8.783231486264417e-05,
    "quote_count": 0.0004143023455210656,
    "source_credibility": 0.00044087867491652855
  }
}